created_at,status_id,text,source,in_reply_to_status_id,in_reply_to_user_id,in_reply_to_screen_name,is_quote_status,retweet_count,favorite_count,lang,quoted_status_id,user_id,screen_name,mentions_user_id,mentions_screen_name,hashtags,urls,is_retweet,retweet_status_id,place_name,country,coordinates
2016-10-25T13:09:28Z,790903100341116900.0,RT @alice_data: Amazing progress of @RLadiesGlobal going global-5 new groups launched in last 2mths &amp; 4more in Nov! #rstats #RLadies https:‚Ä¶,Twitter for Android,NA,NA,NA,FALSE,8,0,en,NA,770490229769789400.0,RLadiesGlobal,"474823395,770490229769789440","alice_data,RLadiesGlobal","rstats,RLadies","NA",TRUE,790902695133605888,NA,NA,NA
2016-10-25T10:10:53Z,790858162123472900.0,RT @SHACK15hub: R for Absolute Beginners by @RLadiesLondon Tomorrow in SHACK15 https://t.co/qxM1QdekbU #programming #womenintech #Data #Sci‚Ä¶,Twitter Web Client,NA,NA,NA,FALSE,5,0,en,NA,770490229769789400.0,RLadiesGlobal,"4835252345,722588617231769601","SHACK15hub,RLadiesLondon","programming,womenintech,Data",http://bit.ly/2eGJ6DO,TRUE,790857283420852224,NA,NA,NA
2016-10-25T03:20:22Z,790754850837401600.0,"RT @sarahmei: Moment: ‚ö°Ô∏è ‚ÄúWomen &amp; Minorities Don't Apply!""
https://t.co/BFkoWPKoLN",Twitter Web Client,NA,NA,NA,FALSE,38,0,en,NA,770490229769789400.0,RLadiesGlobal,14164724,sarahmei,"NA",https://twitter.com/i/moments/788795068530331648,TRUE,788802609096253440,NA,NA,NA
2016-10-25T03:12:42Z,790752921499545600.0,RT @alice_data: Aww that's nice-I was one of the favourite presentations from #EARL2016 by https://t.co/It1owoyYk1 #rstats #RLadies https:/‚Ä¶,Twitter Web Client,NA,NA,NA,FALSE,2,0,en,NA,770490229769789400.0,RLadiesGlobal,474823395,alice_data,"EARL2016,rstats,RLadies",http://www.williemcrae.com/EARL_Conference_Notes_Master.html,TRUE,790123349582155776,NA,NA,NA
2016-10-25T00:31:55Z,790712459451596800.0,RT @RLadiesMAD: All the R-Ladies!üëè #rladiesmad https://t.co/BkLVQmnKab,Twitter Web Client,NA,NA,NA,FALSE,8,0,en,NA,770490229769789400.0,RLadiesGlobal,772203134269652992,RLadiesMAD,rladiesmad,https://www.instagram.com/p/BL9We3AB8Rs/,TRUE,790653255189729280,NA,NA,NA
2016-10-25T00:31:05Z,790712248104841200.0,"üá™üá∏@RLadiesMAD has female computer engineers, biochemists, managers, geolocation specialists, CEOs...many levels üò± !‚Ä¶ https://t.co/at78qM81yb",Twitter Web Client,NA,NA,NA,TRUE,8,13,en,790621013843279900.0,770490229769789400.0,RLadiesGlobal,772203134269652992,RLadiesMAD,"NA",https://twitter.com/i/web/status/790712248104841216,FALSE,NA,NA,NA,NA
2016-10-25T00:18:46Z,790709147398443e3,RT @nimbusaeta: Conoci√©ndonos #RLadiesMAD @RLadiesMAD https://t.co/nxVESNRXsF,Twitter Web Client,NA,NA,NA,FALSE,8,0,es,NA,770490229769789400.0,RLadiesGlobal,"8083032,772203134269652992","nimbusaeta,RLadiesMAD",RLadiesMAD,"NA",TRUE,790619864398458880,NA,NA,NA
2016-10-25T00:18:24Z,790709056725999600.0,"RT @RLadiesBCN: Primer #RLadiesMAD = Anuncio primer #RLadiesBCN ¬°Mucha suerte, compa√±eras! @claudiaguirao @Chucheria https://t.co/d91FVHZuTA",Twitter Web Client,NA,NA,NA,TRUE,1,0,es,790611900103004200.0,770490229769789400.0,RLadiesGlobal,"785949670858121217,179445971,8081312","RLadiesBCN,claudiaguirao,Chucheria","RLadiesMAD,RLadiesBCN",https://twitter.com/claudiaguirao/status/790611900103004160,TRUE,790616399869861888,NA,NA,NA
2016-10-25T00:17:42Z,790708881093713900.0,RT @nimbusaeta: Empezando #RLadiesMAD @Chucheria @RLadiesMAD @CampusMadrid https://t.co/8Z1hoMTd2n,Twitter Web Client,NA,NA,NA,FALSE,4,0,es,NA,770490229769789400.0,RLadiesGlobal,"8083032,8081312,772203134269652992,2542067612","nimbusaeta,Chucheria,RLadiesMAD,CampusMadrid",RLadiesMAD,"NA",TRUE,790616127034589184,NA,NA,NA
2016-10-25T00:17:39Z,790708870163431400.0,RT @nimbusaeta: ¬°Ya estamos en @CampusMadrid preparando #RLadiesMAD! @RLadiesMAD @Chucheria https://t.co/hVv6Hr8yow,Twitter Web Client,NA,NA,NA,FALSE,5,0,es,NA,770490229769789400.0,RLadiesGlobal,"8083032,2542067612,772203134269652992,8081312","nimbusaeta,CampusMadrid,RLadiesMAD,Chucheria",RLadiesMAD,https://www.instagram.com/p/BL9DpOZgQ4O/,TRUE,790606576281325568,NA,NA,NA
2016-10-24T21:23:05Z,790664935344840700.0,"RT @loyolaWiT: 5% of women get interviews when their gender is known and 54% get interviews when their gender is unknown #unreal
https://t.‚Ä¶",Twitter Web Client,NA,NA,NA,FALSE,31,0,en,NA,770490229769789400.0,RLadiesGlobal,777719875506671616,loyolaWiT,unreal,"NA",TRUE,786981367166832641,NA,NA,NA
2016-10-24T21:19:59Z,790664158903668700.0,RT @RLadiesMAD: Muchas gracias a todas las asistentes hoy a #RLadiesMad. Sin vosotras no es posible. ¬°Nos vemos en el siguiente!,Twitter Web Client,NA,NA,NA,FALSE,3,0,es,NA,770490229769789400.0,RLadiesGlobal,772203134269652992,RLadiesMAD,RLadiesMad,"NA",TRUE,790662888948129792,NA,NA,NA
2016-10-24T19:34:34Z,790637626537742300.0,RT @RLadiesNYC: @RLadiesGloba @earlconf @rstudio @ThinkRiseNY @RWomenTaskforce @wimlds  @carissa_shafto R-Ladies NYC Launch Event on Nov 21‚Ä¶,Twitter for Android,NA,NA,NA,FALSE,3,0,en,NA,770490229769789400.0,RLadiesGlobal,771203524872908800,RLadiesNYC,"NA","NA",TRUE,790416338305048577,NA,NA,NA
2016-10-24T17:34:42Z,790607463728967700.0,"RT @ExpectAPatronum: Just noticed my profile on @RLadiesGlobal, the website looks fancy :) #rlady #rcatlady https://t.co/9ZGTzYdi2C",Twitter for Android,NA,NA,NA,FALSE,3,0,en,NA,770490229769789400.0,RLadiesGlobal,"353520778,770490229769789440","ExpectAPatronum,RLadiesGlobal","rlady,rcatlady","NA",TRUE,790604479410348032,NA,NA,NA
2016-10-24T03:39:28Z,790397270193733600.0,RT @RWomenTaskforce: On the value of spaces that are feminist AND technical @RLadiesGlobal https://t.co/ha77jkHVvs,Twitter Web Client,NA,NA,NA,TRUE,3,0,en,790265745468817400.0,770490229769789400.0,RLadiesGlobal,"717312300529618945,770490229769789440","RWomenTaskforce,RLadiesGlobal","NA",https://twitter.com/ilaba/status/790265745468817408,TRUE,790340423176728576,NA,NA,NA
2016-10-22T01:58:51Z,789647171037560800.0,"RT @LucyStats: Look at all of these positive words coming from the #WSDS2016 hashtag {love, supporting, cool} üëØ #tidytext #rstats https://t‚Ä¶",Twitter for Android,NA,NA,NA,FALSE,22,0,en,NA,770490229769789400.0,RLadiesGlobal,1851554534,LucyStats,"WSDS2016,tidytext,rstats","NA",TRUE,789555159261179905,NA,NA,NA
2016-10-21T12:54:11Z,789449703142424600.0,"RT @BecomingDataSci: Thought: You don't have to be ""best"" data scientist/analyst to make a difference, just work with an org that needs the‚Ä¶",Twitter for Android,NA,NA,NA,FALSE,41,0,en,NA,770490229769789400.0,RLadiesGlobal,2343198944,BecomingDataSci,"NA","NA",TRUE,789291102763225088,NA,NA,NA
2016-10-21T11:49:21Z,789433390319726600.0,Announcing our SECOND #RLadies chapter in TURKEY üáπüá∑@RLadiesIzmir!! Merhaba! https://t.co/fTNCMslxLj P.S does YOUR c‚Ä¶ https://t.co/k2cK7nzfb0,Twitter Web Client,NA,NA,NA,FALSE,14,16,en,NA,770490229769789400.0,RLadiesGlobal,788647266059943936,RLadiesIzmir,RLadies,"https://www.meetup.com/R-Ladies-%C4%B0zmiR/,https://twitter.com/i/web/status/789433390319726592",FALSE,NA,NA,NA,NA
2016-10-21T09:34:38Z,789399485889687600.0,"RT @jgschraiber: Can we all agree to stop saying ""Type I"" and ""Type II"" errors and just say ""false positives"" and ""false negatives""?",Twitter Web Client,NA,NA,NA,FALSE,675,0,en,NA,770490229769789400.0,RLadiesGlobal,1938608077,jgschraiber,"NA","NA",TRUE,781151215539384320,NA,NA,NA
2016-10-20T23:10:25Z,789242395779104800.0,@Eco_Stats @Cephmeister @seakaterun @NatashaGallo @eirenkate AWESOME!! Pls email slack@rladies.org so we can invite you to #RLadies slack!!üòÅ,Twitter Web Client,789240464625037300.0,3299926951.0,Eco_Stats,FALSE,0,0,en,NA,770490229769789400.0,RLadiesGlobal,"3299926951,759110506477072384,1267920810,1490981708,2868298693","Eco_Stats,Cephmeister,seakaterun,NatashaGallo,eirenkate",RLadies,"NA",FALSE,NA,NA,NA,NA
2016-10-20T18:48:30Z,789176485194010600.0,RT @EKTBenn: Just learned abt @RLadiesGlobal &amp; R User Groups at the @RWomenTaskforce session at #WSDS2016! So great to know abt these #fema‚Ä¶,Twitter for Android,NA,NA,NA,FALSE,13,0,en,NA,770490229769789400.0,RLadiesGlobal,"748202660239654912,770490229769789440,717312300529618945","EKTBenn,RLadiesGlobal,RWomenTaskforce",WSDS2016,"NA",TRUE,789173425046564864,NA,NA,NA
2016-10-20T18:34:56Z,789173069755527200.0,RT @MineDogucu: @RWomenTaskforce included @RLadiesGlobal in #WSDS2016 https://t.co/wowtaenA7r,Twitter Web Client,NA,NA,NA,FALSE,4,0,en,NA,770490229769789400.0,RLadiesGlobal,"2883491409,717312300529618945,770490229769789440","MineDogucu,RWomenTaskforce,RLadiesGlobal",WSDS2016,"NA",TRUE,789172497677553665,NA,NA,NA
2016-10-20T17:15:30Z,789153077479678e3,"RT @dataandme: Meet ""R Notebooks"" (they're pretty freaking awesome) https://t.co/BupGimonUm via @rstudio #rstats https://t.co/UdMpwD4F76",Twitter Web Client,NA,NA,NA,FALSE,66,0,en,NA,770490229769789400.0,RLadiesGlobal,"3230388598,235261861","dataandme,rstudio",rstats,http://buff.ly/2dmojWH,TRUE,786639151567364096,NA,NA,NA
2016-10-20T17:14:23Z,789152796822167600.0,"RT @visnut: ""Dear Di, I'm writing to you to invite you to become an Ordinary Member (i.e. 
voting member) of the R Foundation."" VERY EXCITE‚Ä¶",Twitter Web Client,NA,NA,NA,FALSE,19,0,en,NA,770490229769789400.0,RLadiesGlobal,59773247,visnut,"NA","NA",TRUE,788945755964702721,NA,NA,NA
2016-10-20T00:00:27Z,788892600300400600.0,New to #rstats? Install the swirl R package and start learning R and #datascience interactively:‚Ä¶ https://t.co/7K2Ii75Ig4,Twitter Web Client,NA,NA,NA,FALSE,11,18,en,NA,770490229769789400.0,RLadiesGlobal,"NA","NA","rstats,datascience",https://twitter.com/i/web/status/788892600300400641,FALSE,NA,NA,NA,NA
2016-10-19T19:24:17Z,788823100607565800.0,"RT @alice_data: Catch it,Bin it,Stop it! #Manexplaining (&amp;credittaking) disease that must be stopped!#womeninSTEM #womenintech @RLadiesGlob‚Ä¶",Twitter Web Client,NA,NA,NA,FALSE,2,0,en,NA,770490229769789400.0,RLadiesGlobal,474823395,alice_data,"Manexplaining,womeninSTEM,womenintech","NA",TRUE,788789315509882880,NA,NA,NA
2016-10-19T18:37:35Z,788811349346353200.0,"RT @alice_data: ""Dear #mansplainers, if you want a successful career do try not to explain a concept to a women who originally explained it‚Ä¶",Twitter Web Client,NA,NA,NA,FALSE,3,0,en,NA,770490229769789400.0,RLadiesGlobal,474823395,alice_data,mansplainers,"NA",TRUE,788787937970360320,NA,NA,NA
2016-10-19T14:22:31Z,788747158178697200.0,RT @HeidiBaya: Working hard with on new partykit package #rstats https://t.co/7xVx0mGkiS,Twitter Web Client,NA,NA,NA,FALSE,2,0,en,NA,770490229769789400.0,RLadiesGlobal,532115122,HeidiBaya,rstats,"NA",TRUE,788737212779298816,NA,NA,NA
2016-10-18T12:19:57Z,788353924877185e3,"RT @RoxaneLegaie: Cherry on top of the event, a delicious home made R-ladies cake! @RLadiesAU #RLadiesMelbLaunch https://t.co/6DiNucwy4W",Twitter Web Client,NA,NA,NA,FALSE,5,0,en,NA,770490229769789400.0,RLadiesGlobal,"3186534415,771530276488908800","RoxaneLegaie,RLadiesAU",RLadiesMelbLaunch,"NA",TRUE,788312514857623552,NA,NA,NA
2016-10-18T12:19:27Z,788353799928840200.0,"RT @pdiakumis: Near full house @RLadiesAU
#RLadiesMelbLaunch https://t.co/Qr7R7wtBrQ",Twitter Web Client,NA,NA,NA,FALSE,5,0,en,NA,770490229769789400.0,RLadiesGlobal,"744150069339795456,771530276488908800","pdiakumis,RLadiesAU",RLadiesMelbLaunch,"NA",TRUE,788287305999982592,NA,NA,NA
2016-10-18T12:18:59Z,788353681964077e3,RT @RickGiner: Amazing organisers behind this great new group: @RLadiesAU . @goknurginer @annaquagli @trashystats and more #rladiesmelblaun‚Ä¶,Twitter Web Client,NA,NA,NA,FALSE,10,0,en,NA,770490229769789400.0,RLadiesGlobal,"95624397,771530276488908800,305097563,3108157034,766200832140468224","RickGiner,RLadiesAU,goknurginer,annaquagli,trashystats","NA","NA",TRUE,788289391470911488,NA,NA,NA
2016-10-18T12:16:56Z,788353167759138800.0,RT @RoxaneLegaie: Prof Di Cook presenting her work using R to understand our world through visualisation @RLadiesAU#RLadiesMelbLaunch https‚Ä¶,Twitter Web Client,NA,NA,NA,FALSE,12,0,en,NA,770490229769789400.0,RLadiesGlobal,"3186534415,771530276488908800","RoxaneLegaie,RLadiesAU","NA","NA",TRUE,788291501415501824,NA,NA,NA
2016-10-18T12:15:59Z,788352929459793900.0,OMG @RLadiesAU have NAILED the official #RLadies Launch Event WITH THIS AMAZING SPECIALLY MADE CAKE!!üç∞ The refreshm‚Ä¶ https://t.co/2819HqJDEb,Twitter Web Client,NA,NA,NA,TRUE,4,16,en,788302177680883700.0,770490229769789400.0,RLadiesGlobal,771530276488908800,RLadiesAU,RLadies,https://twitter.com/i/web/status/788352929459793920,FALSE,NA,NA,NA,NA
2016-10-18T09:14:30Z,78830725579187e4,RT @SoroorHediyeh: Pizza time ended. @goknurginer is addressing the opening @RLadiesAU @RLadiesGlobal #RLadiesMelbLaunch https://t.co/35gXr‚Ä¶,Twitter for Android,NA,NA,NA,FALSE,3,0,en,NA,770490229769789400.0,RLadiesGlobal,"2289169778,305097563,771530276488908800,770490229769789440","SoroorHediyeh,goknurginer,RLadiesAU,RLadiesGlobal",RLadiesMelbLaunch,"NA",TRUE,788285222240473088,NA,NA,NA
2016-10-18T09:13:55Z,788307108215357400.0,"RT @RoxaneLegaie: Goknur, founder of @RLadiesAU, introducing our group's history and aim to an audience of &gt;100 people! @RLadiesGlobal http‚Ä¶",Twitter for Android,NA,NA,NA,FALSE,11,0,en,NA,770490229769789400.0,RLadiesGlobal,"3186534415,771530276488908800,770490229769789440","RoxaneLegaie,RLadiesAU,RLadiesGlobal","NA","NA",TRUE,788286327943008256,NA,NA,NA
2016-10-18T09:13:39Z,788307040535994400.0,RT @S_Foroutan: Looking at some statistics for women in R in Australia and NZ at @RLadiesAU meeting @RLadiesGlobal @RWomenTaskforce @codeli‚Ä¶,Twitter for Android,NA,NA,NA,FALSE,1,0,en,NA,770490229769789400.0,RLadiesGlobal,"2913267409,771530276488908800,770490229769789440,717312300529618945","S_Foroutan,RLadiesAU,RLadiesGlobal,RWomenTaskforce","NA","NA",TRUE,788288540828250112,NA,NA,NA
2016-10-18T09:13:25Z,788306983552180200.0,RT @S_Foroutan: Such a wonderful speaker we have at @RLadiesAU meeting thanks @visnut @RLadiesGlobal #RLdiesMelbLaunch @RWomenTaskforce @co‚Ä¶,Twitter for Android,NA,NA,NA,FALSE,3,0,en,NA,770490229769789400.0,RLadiesGlobal,"2913267409,771530276488908800,59773247,770490229769789440,717312300529618945","S_Foroutan,RLadiesAU,visnut,RLadiesGlobal,RWomenTaskforce",RLdiesMelbLaunch,"NA",TRUE,788291398562742272,NA,NA,NA
2016-10-18T07:50:32Z,788286123202052100.0,RT @visnut: Very excited to be at the first ever @RLadiesGlobal Melbourne! https://t.co/RopGwuiFeP,Twitter for iPhone,NA,NA,NA,FALSE,11,0,en,NA,770490229769789400.0,RLadiesGlobal,"59773247,770490229769789440","visnut,RLadiesGlobal","NA","NA",TRUE,788285546543984640,NA,NA,NA
2016-10-18T07:45:07Z,788284760070115300.0,RT @S_Foroutan: VERY excited to start our very first @RLadiesAU meeting. Many lovely ladies and some supportive guys. Yayyy @RLadiesGlobal‚Ä¶,Twitter for iPhone,NA,NA,NA,FALSE,8,0,en,NA,770490229769789400.0,RLadiesGlobal,"2913267409,771530276488908800,770490229769789440","S_Foroutan,RLadiesAU,RLadiesGlobal","NA","NA",TRUE,788284434738917377,NA,NA,NA
2016-10-18T07:45:03Z,788284744257548300.0,RT @SoroorHediyeh: Fantastic turnout at R-ladies opening @RLadiesAU @RLadiesGlobal #RLadiesMelbLaunch https://t.co/5x632xVe1V,Twitter for iPhone,NA,NA,NA,FALSE,4,0,en,NA,770490229769789400.0,RLadiesGlobal,"2289169778,771530276488908800,770490229769789440","SoroorHediyeh,RLadiesAU,RLadiesGlobal",RLadiesMelbLaunch,"NA",TRUE,788284618378063872,NA,NA,NA
2016-10-17T19:54:29Z,788105925630492700.0,RT @AcademicsSay: PhDs vs. Jobs | @Nature https://t.co/5d3EhLznJr https://t.co/zzdjFByWUI,Twitter Web Client,NA,NA,NA,FALSE,395,0,en,NA,770490229769789400.0,RLadiesGlobal,"1891806212,487833518","AcademicsSay,nature","NA",http://www.nature.com/nbt/journal/v31/n10/full/nbt.2706.html,TRUE,788004778660036608,NA,NA,NA
2016-10-17T19:53:57Z,788105791672844300.0,RT @R_grrrl_: Come along! It's going to be fun ^_^ https://t.co/Zx3Ni7Qe04,Twitter Web Client,NA,NA,NA,TRUE,4,0,en,788091106948939800.0,770490229769789400.0,RLadiesGlobal,710053476542390272,R_grrrl_,"NA",https://twitter.com/alice_data/status/788091106948939781,TRUE,788105544053710853,NA,NA,NA
2016-10-17T19:30:48Z,788099963553067e3,RT @wimlds: Does anyone have a template for a code-of-conduct for Slack/Gitter chat? Looking to define what constitutes appropriate usernam‚Ä¶,Twitter Web Client,NA,NA,NA,FALSE,2,0,en,NA,770490229769789400.0,RLadiesGlobal,2999992556,wimlds,"NA","NA",TRUE,788098255208931329,NA,NA,NA
2016-10-17T15:38:48Z,788041578698928100.0,RT @EvaMaeRey: Burst onto the scene like @RLadiesGlobal groups! https://t.co/UxkvomMU1P,Twitter for Android,NA,NA,NA,TRUE,1,0,en,785404120874221600.0,770490229769789400.0,RLadiesGlobal,"3975299597,770490229769789440","EvaMaeRey,RLadiesGlobal","NA",https://twitter.com/EvaMaeRey/status/785404120874221568,TRUE,788041440655998976,NA,NA,NA
2016-10-14T23:28:17Z,787072564824838100.0,"@seankross See, now if that *was* an #RLadies placard it would say ""R WOMEN 4 TRUMP OUT OF THEIR FRICKIN' MIND?!??""...or something similar üòú",Twitter Web Client,787054406608969700.0,273200904.0,seankross,FALSE,1,8,en,NA,770490229769789400.0,RLadiesGlobal,273200904,seankross,RLadies,"NA",FALSE,NA,NA,NA,NA
2016-10-14T23:11:37Z,787068373150543900.0,RT @seankross: I'm excited about the rate at which new #Rladies groups are forming but I'm concerned about their newest chapter cc: @RLadie‚Ä¶,Twitter for iPhone,NA,NA,NA,FALSE,5,0,en,NA,770490229769789400.0,RLadiesGlobal,273200904,seankross,Rladies,"NA",TRUE,787054406608969728,NA,NA,NA
2016-10-14T21:15:55Z,787039256120217600.0,"RT @JennyBryan: If this is how lists and list-columns make you feel, come to my rstudio::conf talk üòÑ And a GitHub tutorial! https://t.co/JF‚Ä¶",Twitter Web Client,NA,NA,NA,FALSE,20,0,en,NA,770490229769789400.0,RLadiesGlobal,2167059661,JennyBryan,"NA","NA",TRUE,786715421017837568,NA,NA,NA
2016-10-14T16:59:03Z,786974611778834400.0,"RT @LadyData: @RLadiesSF has gone global! @gdequeiroz has thrown the seeds, and the community is blooming!! Happy 4th birthday, ladies! @RL‚Ä¶",Twitter Web Client,NA,NA,NA,FALSE,5,0,en,NA,770490229769789400.0,RLadiesGlobal,"48924542,881530736,16284661","LadyData,RLadiesSF,gdequeiroz","NA","NA",TRUE,786767499316506624,NA,NA,NA
2016-10-14T00:36:08Z,786727254072197100.0,@minebocek @RLadiesLA She's the BEST!!!! üòÅ https://t.co/xkT4HWGPdc,Twitter Web Client,786722789793341400.0,229564414.0,minebocek,FALSE,0,3,en,NA,770490229769789400.0,RLadiesGlobal,"229564414,770377177296543745","minebocek,RLadiesLA","NA","NA",FALSE,NA,NA,NA,NA
2016-10-14T00:24:24Z,786724301479215100.0,"@RLadiesBoston Shucks!!!!!!! *Definitely* need to pull the ""unpopular"" pizza trick next time, no-one gets pepperoni!!!!! üòú",Twitter Web Client,786720007837274100.0,772948414501969900.0,RLadiesBoston,FALSE,0,0,en,NA,770490229769789400.0,RLadiesGlobal,772948414501969920,RLadiesBoston,"NA","NA",FALSE,NA,NA,NA,NA
2016-10-14T00:20:26Z,786723300621840400.0,WHOOOOO GO #RLadies NEW ENGLAND!!!!!!!!!!!!!!! (and #RCats üê± representing!!!!) https://t.co/bPEwFjIiQd,Twitter Web Client,NA,NA,NA,TRUE,0,5,en,786720619496779800.0,770490229769789400.0,RLadiesGlobal,"NA","NA","RLadies,RCats",https://twitter.com/RLadiesBoston/status/786720619496779776,FALSE,NA,NA,NA,NA
2016-10-14T00:16:05Z,786722206147543e3,BADASS #rstats courtesy of @RLadiesLA!!!! You do NOT want to miss this!!!! https://t.co/GVQBX2Ov3I,Twitter Web Client,NA,NA,NA,TRUE,0,3,en,786619299653836800.0,770490229769789400.0,RLadiesGlobal,770377177296543745,RLadiesLA,rstats,https://twitter.com/RLadiesLA/status/786619299653836800,FALSE,NA,NA,NA,NA
2016-10-14T00:13:13Z,786721485285167100.0,@RLadiesLA nailing Baking AND Coding!!!! That's how #RLadies roll..... üåüüåüüåü https://t.co/Z1Ciy23IiZ,Twitter Web Client,786619752869269500.0,770377177296543700.0,RLadiesLA,FALSE,0,5,en,NA,770490229769789400.0,RLadiesGlobal,770377177296543745,RLadiesLA,RLadies,"NA",FALSE,NA,NA,NA,NA
2016-10-14T00:06:02Z,786719677569433600.0,RT @RLadiesLA: Reminder that our very first (!!) LA meetup is happening this Saturday! https://t.co/CY10SMjSJf,Twitter Web Client,NA,NA,NA,FALSE,3,0,en,NA,770490229769789400.0,RLadiesGlobal,770377177296543745,RLadiesLA,"NA",http://www.meetup.com/rladies-la/events/234556158/,TRUE,786618709796204544,NA,NA,NA
2016-10-13T20:58:17Z,786672427644358700.0,RT @jent103: #Rladies in #Nashville - one more day to tell us how @RLadiesNash can best serve you! Kickoff survey closes tomorrow! #rstats‚Ä¶,Twitter Web Client,NA,NA,NA,TRUE,3,0,en,785901319966093300.0,770490229769789400.0,RLadiesGlobal,"263000760,781271660766851072","jent103,RLadiesNash","Rladies,Nashville,rstats","NA",TRUE,786658384229625857,NA,NA,NA
2016-10-13T17:57:01Z,786626812424052700.0,"@RLadiesBoston Leveraging probabilities of attendee preferences = Pizza Win!! Olives, anchovies&amp;chilli can also work to Organiser advantageüòú",Twitter Web Client,786616663546355700.0,772948414501969900.0,RLadiesBoston,FALSE,0,1,en,NA,770490229769789400.0,RLadiesGlobal,772948414501969920,RLadiesBoston,"NA","NA",FALSE,NA,NA,NA,NA
2016-10-13T16:43:55Z,786608417657884700.0,A Rite of Passage for every @Meetup Organiser!! Bulk ordering PIZZA for a *completely* unknown number of attendees!‚Ä¶ https://t.co/H5jSa9DaZf,Twitter Web Client,NA,NA,NA,TRUE,0,8,en,7.8631166167842406e+017,770490229769789400.0,RLadiesGlobal,14591071,Meetup,"NA",https://twitter.com/i/web/status/786608417657884672,FALSE,NA,NA,NA,NA
2016-10-13T16:11:58Z,786600373846802400.0,"RT @thinkR_fr: @HeathrTurnr opens #eRum2016 ""Address gender gap"" : Let's do it with @RWomenTaskforce @RLadiesGlobal https://t.co/5593WdmDMA",Twitter Web Client,NA,NA,NA,FALSE,5,0,en,NA,770490229769789400.0,RLadiesGlobal,"3044686542,3367336625,717312300529618945,770490229769789440","thinkR_fr,HeathrTurnr,RWomenTaskforce,RLadiesGlobal",eRum2016,"NA",TRUE,786470294278004736,NA,NA,NA
2016-10-13T13:21:32Z,786557485393977300.0,RT @RLadiesAU: Check out our first meeting! https://t.co/yjXo64A6uO Please fill out the survey if you are a member https://t.co/9ASjnHQ3dz‚Ä¶,Twitter Web Client,NA,NA,NA,FALSE,7,0,en,NA,770490229769789400.0,RLadiesGlobal,771530276488908800,RLadiesAU,"NA","https://www.meetup.com/R-Ladies-Melbourne/events/234683544/,https://goo.gl/forms/xduZTbDvXSsK3apJ2",TRUE,786486398891110400,NA,NA,NA
2016-10-13T08:48:26Z,786488754777231400.0,RT @romain_francois: . @RLadiesGlobal spread accross the globe. #eRum2016 https://t.co/uYhI4sbIjY,Twitter for Android,NA,NA,NA,FALSE,6,0,en,NA,770490229769789400.0,RLadiesGlobal,"377578645,770490229769789440","romain_francois,RLadiesGlobal",eRum2016,"NA",TRUE,786470346656481280,NA,NA,NA
2016-10-13T08:48:08Z,786488679745413100.0,"RT @erum2016: . @HeathrTurnr is telling us about @RLadiesGlobal and @RWomenTaskforce. If you are still not following them, now is a good ti‚Ä¶",Twitter for Android,NA,NA,NA,FALSE,12,0,en,NA,770490229769789400.0,RLadiesGlobal,"4863609262,3367336625,770490229769789440,717312300529618945","erum2016,HeathrTurnr,RLadiesGlobal,RWomenTaskforce","NA","NA",TRUE,786470221116735488,NA,NA,NA
2016-10-12T21:25:28Z,786316882953408500.0,@StefanieButland @JennyBryan @minisciencegirl @TiffanyTimbers Oh awesome! Thanks for these Canadian female #rstats practitioner tip-offs! üá®üá¶,Twitter Web Client,786313978435600400.0,776402106.0,StefanieButland,FALSE,0,2,en,NA,770490229769789400.0,RLadiesGlobal,"776402106,2167059661,52196137,2446400162","StefanieButland,JennyBryan,minisciencegirl,TiffanyTimbers",rstats,"NA",FALSE,NA,NA,NA,NA
2016-10-12T20:57:50Z,786309929590063100.0,"@Lycaonpictus93 @TCD_NatSci @TCDZooMuseum @ZooSoc @irish_ecology Do mail info@rladies.org, we r discussing R-Ladies Dublin with @joannaniec!",Twitter Web Client,786306623719477200.0,30220862.0,Lycaonpictus93,FALSE,0,2,en,NA,770490229769789400.0,RLadiesGlobal,"30220862,2304736621,2543521674,1441495080,722058352486924288,28202705","Lycaonpictus93,TCD_NatSci,TCDZooMuseum,ZooSoc,irish_ecology,joannaniec","NA","NA",FALSE,NA,NA,NA,NA
2016-10-12T20:35:11Z,786304227563962400.0,@StefanieButland @minisciencegirl Sadly no groups in Canada yet but at least a Canadian in our #RLadies Directory!‚Ä¶ https://t.co/phHYm0FWDa,Twitter Web Client,786281273048207400.0,776402106.0,StefanieButland,FALSE,0,2,en,NA,770490229769789400.0,RLadiesGlobal,"776402106,52196137","StefanieButland,minisciencegirl",RLadies,https://twitter.com/i/web/status/786304227563962368,FALSE,NA,NA,NA,NA
2016-10-12T17:09:59Z,786252586701627400.0,@nmalet Of Course!!,Twitter Web Client,786244831488184300.0,34922030.0,nmalet,FALSE,0,0,en,NA,770490229769789400.0,RLadiesGlobal,34922030,nmalet,"NA","NA",FALSE,NA,NA,NA,NA
2016-10-12T16:11:51Z,786237960211406800.0,@RLadiesGlobal @hpgomide @rogerio_gentil @afflorezr @marcionicolau @MicrosoftBr,Twitter Web Client,786237449840136200.0,770490229769789400.0,RLadiesGlobal,FALSE,0,0,und,NA,770490229769789400.0,RLadiesGlobal,"770490229769789440,66813297,71697548,192712524,60197124,63823019","RLadiesGlobal,hpgomide,rogerio_gentil,afflorezr,marcionicolau,MicrosoftBr","NA","NA",FALSE,NA,NA,NA,NA
2016-10-12T16:10:33Z,786237632208523300.0,@RLadiesGlobal @cynthiazanoni @cris_weber @FelipeSMBarros @oestatisticoweb @benilton @walmeszeviani @fernando_mayer,Twitter Web Client,786237449840136200.0,770490229769789400.0,RLadiesGlobal,FALSE,0,1,und,NA,770490229769789400.0,RLadiesGlobal,"770490229769789440,58333610,28915594,3323332149,3354288737,265078724,228190061,52913949","RLadiesGlobal,cynthiazanoni,cris_weber,FelipeSMBarros,oestatisticoweb,benilton,walmeszeviani,fernando_mayer","NA","NA",FALSE,NA,NA,NA,NA
2016-10-12T16:09:50Z,786237449840136200.0,Where are the #RLadies from Brasil?? #rstats https://t.co/VplmAgNZhT,Twitter Web Client,NA,NA,NA,FALSE,0,2,en,NA,770490229769789400.0,RLadiesGlobal,"NA","NA","RLadies,rstats","NA",FALSE,NA,NA,NA,NA
2016-10-12T12:02:54Z,786175307753545700.0,@ExpectAPatronum @alice_data I'm afraid you might be the only one we know? Any contacts in Austria @RLadiesBerlin @RLadiesParis @RLadiesMAD?,Twitter Web Client,786171935256379400.0,353520778.0,ExpectAPatronum,FALSE,1,1,en,NA,770490229769789400.0,RLadiesGlobal,"353520778,474823395,783014080395276288,777930207508434945,772203134269652992","ExpectAPatronum,alice_data,RLadiesBerlin,RLadiesParis,RLadiesMAD","NA","NA",FALSE,NA,NA,NA,NA
2016-10-12T11:58:12Z,78617412502272e4,@davidmeza1 Thank you!! We had NO idea there was SO MUCH untapped demand by those identifying as female for a global #rstats community! üòµüåéüåçüåè,Twitter Web Client,786161271569682400.0,26155124.0,davidmeza1,FALSE,0,2,en,NA,770490229769789400.0,RLadiesGlobal,26155124,davidmeza1,rstats,"NA",FALSE,NA,NA,NA,NA
2016-10-12T11:50:40Z,786172230258470900.0,@HeidiBaya Oh thank you for representing #RLadies in Schweiz | Suisse | Svizzeraüá®üá≠!! Hope we can get more European‚Ä¶ https://t.co/tHzw6riYoQ,Twitter Web Client,786166229249593300.0,532115122.0,HeidiBaya,FALSE,2,3,en,NA,770490229769789400.0,RLadiesGlobal,532115122,HeidiBaya,RLadies,https://twitter.com/i/web/status/786172230258470913,FALSE,NA,NA,NA,NA
2016-10-12T11:02:09Z,786160018814971900.0,@alice_data the leaflet map is getting CROWDED!! Can't even tag all the #RLadies groups either!! #rstats‚Ä¶ https://t.co/k8L3Ki7MCb,Twitter Web Client,785974226331328500.0,474823395.0,alice_data,FALSE,9,6,en,NA,770490229769789400.0,RLadiesGlobal,474823395,alice_data,"RLadies,rstats",https://twitter.com/i/web/status/786160018814971905,FALSE,NA,NA,NA,NA
2016-10-12T10:52:58Z,786157710634983400.0,RT @RLadiesMAD: Mastering Software Development in R - Coursera Specialization https://t.co/mKH5Ueu7QN,Twitter Web Client,NA,NA,NA,FALSE,3,0,en,NA,770490229769789400.0,RLadiesGlobal,772203134269652992,RLadiesMAD,"NA",http://simplystats.github.io/2016/09/19/msdr-launch-announcement/,TRUE,786132712251879424,NA,NA,NA
2016-10-11T22:18:51Z,785967928164229100.0,Ladies of Bostonüá∫üá∏!! Your local #RLadies community is launching THIS THURSDAY WITH SWAG from @rstudio! Get Involved‚Ä¶ https://t.co/F8t0QWVgcS,Twitter Web Client,NA,NA,NA,TRUE,3,8,en,784348005998665700.0,770490229769789400.0,RLadiesGlobal,235261861,rstudio,RLadies,https://twitter.com/i/web/status/785967928164229120,FALSE,NA,NA,NA,NA
2016-10-11T17:19:07Z,785892499843911700.0,RT @GreythornNA: Have you heard of the @RLadiesGlobal? Read up on who they are &amp; why they exist: https://t.co/9npeC13lgo,Twitter for Android,NA,NA,NA,FALSE,2,0,en,NA,770490229769789400.0,RLadiesGlobal,"149218594,770490229769789440","GreythornNA,RLadiesGlobal","NA",http://bit.ly/2dHBa6X,TRUE,785890383385522181,NA,NA,NA
2016-10-11T01:33:18Z,785654475188875300.0,RT @juliasilge: A Map of Middle Earth made with ggplot2 and ggmap! #rstats https://t.co/DJrkXGBryK https://t.co/QK6CK8PqlL,Twitter Web Client,NA,NA,NA,FALSE,51,0,en,NA,770490229769789400.0,RLadiesGlobal,13074042,juliasilge,rstats,http://www.r-chart.com/2016/10/map-of-middle-earth-map-above-was.html,TRUE,785245027849023488,NA,NA,NA
2016-10-11T01:32:05Z,785654169147281400.0,"RT @dataandme: Lame‚Äî and easily rectified! Some awesome @WomenInData on GH include: @juliasilge,  @JennyBryan (jennybc),  @ognyanova (katet‚Ä¶",Twitter Web Client,NA,NA,NA,TRUE,6,0,en,785466515235614700.0,770490229769789400.0,RLadiesGlobal,"3230388598,1421070523,13074042,2167059661,75641981","dataandme,WomenInData,juliasilge,JennyBryan,Ognyanova","NA","NA",TRUE,785469468612886528,NA,NA,NA
2016-10-07T13:10:09Z,784380294543601700.0,"@S_Foroutan @RLadiesAU @visnut @Meetup SO UNBELIEVABLY EXCITED!!!!!! The #RLadies revolution Down Under is on it's way, behind you 100%+!!!!",Twitter for Android,784351513015558100.0,2913267409.0,S_Foroutan,FALSE,1,7,en,NA,770490229769789400.0,RLadiesGlobal,"2913267409,771530276488908800,59773247,14591071","S_Foroutan,RLadiesAU,visnut,Meetup",RLadies,"NA",FALSE,NA,NA,NA,NA
2016-10-07T01:22:55Z,784202310566248400.0,RT @RLadiesAU: First @RLadiesAU meetup is on Oct 18! https://t.co/qYPR7pBVjP We are proud to announce that @visnut is our first speaker! @R‚Ä¶,Twitter for Android,NA,NA,NA,FALSE,23,0,en,NA,770490229769789400.0,RLadiesGlobal,"771530276488908800,771530276488908800,59773247","RLadiesAU,RLadiesAU,visnut","NA",http://meetu.ps/e/C53f4/bYXsx/f,TRUE,784198358248280065,NA,NA,NA
2016-10-05T18:57:28Z,783742923666034700.0,RT @RLadiesMAD: El d√≠a 24 estar√© todo el d√≠a en @CampusMadrid. Primero los Data Science Awards y luego la primera reuni√≥n de #RLadies!,Twitter Web Client,NA,NA,NA,FALSE,1,0,es,NA,770490229769789400.0,RLadiesGlobal,"772203134269652992,2542067612","RLadiesMAD,CampusMadrid",RLadies,"NA",TRUE,783573303495622656,NA,NA,NA
2016-10-05T18:56:42Z,783742728911855600.0,RT @MicrosoftR: Are you a woman programming in #R looking for help to support your group? Check out Women in R Taskforce: https://t.co/74ti‚Ä¶,Twitter Web Client,NA,NA,NA,FALSE,3,0,en,NA,770490229769789400.0,RLadiesGlobal,25213966,MicrosoftR,R,"NA",TRUE,783057831603896322,NA,NA,NA
2016-10-05T17:54:05Z,783726969858981900.0,RT @RLadiesParis: First #rladies meetup in Paris ! #rstats sponsored by @RLadiesGlobal @Cognition_ENS @thinkR_fr with @pageinini @chbergma‚Ä¶,Twitter for Android,NA,NA,NA,FALSE,10,0,en,NA,770490229769789400.0,RLadiesGlobal,"777930207508434945,770490229769789440,3128822361,3044686542,2792512074,1092889387","RLadiesParis,RLadiesGlobal,Cognition_ENS,thinkR_fr,pageinini,chbergma","rladies,rstats","NA",TRUE,783726723749871618,NA,NA,NA
2016-10-05T13:43:31Z,783663913787387900.0,"@davidmeza1 Thank you so much for the support!! Honestly invaluable, esp. when we know not everyone backs our mission. Will def reach out! üòÉ",Twitter Web Client,783661515584991200.0,26155124.0,davidmeza1,FALSE,0,3,en,NA,770490229769789400.0,RLadiesGlobal,26155124,davidmeza1,"NA","NA",FALSE,NA,NA,NA,NA
2016-10-05T13:35:19Z,783661849329958900.0,@Chucheria üòç @gdequeiroz and @AnalyticsPanda also said the same thing!! We hope someday it will be possible to work for the project we love!,Twitter Web Client,783660467155771400.0,8081312.0,Chucheria,FALSE,0,4,en,NA,770490229769789400.0,RLadiesGlobal,"8081312,16284661,4002309269","Chucheria,gdequeiroz,AnalyticsPanda","NA","NA",FALSE,NA,NA,NA,NA
2016-10-05T09:10:42Z,783595257321680900.0,"@davidmeza1 WOW what an awesome incentive, thank you!! We did have a Prof from @UHouston show interest at @useR_Stanford, hoping it happens!",Twitter Web Client,783501164729999400.0,26155124.0,davidmeza1,FALSE,0,4,en,NA,770490229769789400.0,RLadiesGlobal,"26155124,107145333,3497513953","davidmeza1,UHouston,useR_Stanford","NA","NA",FALSE,NA,NA,NA,NA
2016-10-05T04:36:19Z,783526205429547e3,"RT @RWomenTaskforce: Lack of stretch assignments, relegation to staff role, ""glass cliff"". How you end up with fewer women in leadership. h‚Ä¶",Twitter Web Client,NA,NA,NA,FALSE,6,0,en,NA,770490229769789400.0,RLadiesGlobal,717312300529618945,RWomenTaskforce,"NA","NA",TRUE,783459952278908929,NA,NA,NA
2016-10-05T04:35:33Z,783526013158494200.0,"RT @davidmeza1: Where are the Houston, Texas RLadies? I can offer a tour of Johnson Space Center as an incentive. https://t.co/ZxDWQRw6lN",Twitter Web Client,NA,NA,NA,TRUE,5,0,en,770662914365808600.0,770490229769789400.0,RLadiesGlobal,26155124,davidmeza1,"NA",https://twitter.com/rladiesglobal/status/770662914365808640,TRUE,783501164729999360,NA,NA,NA
2016-10-04T23:46:38Z,783453305338933200.0,RT @WWCodePortland: We are looking for women to speak on #R and #BigData at a Jan. 10 event. Let us know if you know someone. RTs appreciat‚Ä¶,Twitter Web Client,NA,NA,NA,FALSE,40,0,en,NA,770490229769789400.0,RLadiesGlobal,3237272430,WWCodePortland,"R,BigData","NA",TRUE,783436602961899520,NA,NA,NA
2016-10-03T20:12:50Z,783037114061426700.0,RT @robinson_es: Another course rec: @datacamp‚Äôs and @StatGarrett‚Äôs RStudio course. I‚Äôve been an RStudio user for 5+ years and still learni‚Ä¶,Twitter Web Client,NA,NA,NA,FALSE,9,0,en,NA,770490229769789400.0,RLadiesGlobal,"597868047,1568606814,2499047479","robinson_es,DataCamp,StatGarrett","NA","NA",TRUE,783035335408250880,NA,NA,NA
2016-10-03T18:09:17Z,783006021098889200.0,RT @RLadiesLondon: LIVE on #Periscope: Max Kuhn: caret package https://t.co/INIcCgALuE,Twitter for Android,NA,NA,NA,FALSE,6,0,en,NA,770490229769789400.0,RLadiesGlobal,722588617231769601,RLadiesLondon,Periscope,https://www.periscope.tv/w/asE-gjFKUkttWm92UlhlalB8MWxQS3FxT2tydkFLYqUi_DvGfFWsMGL_suFmbIhW2EfbED3DXtwmoUcnyloG,TRUE,782999263076872194,NA,NA,NA
2016-10-03T12:31:28Z,782921004494491600.0,RT @HeathrTurnr: #rstats there are now 11 R-ladies groups - follow one near you and/or @RLadiesGlobal to keep posted! https://t.co/9mMWEQg9‚Ä¶,Twitter Web Client,NA,NA,NA,TRUE,23,0,en,781244801358233600.0,770490229769789400.0,RLadiesGlobal,"3367336625,770490229769789440","HeathrTurnr,RLadiesGlobal",rstats,"NA",TRUE,782610732869414916,NA,NA,NA
2016-10-01T18:23:16Z,782284763759513600.0,"@mrshrbrmstr @RLadiesBoston (or #RCodLadies!) is our newest chapter! Organised by @MariannaFoos, loads of local #RLadies already interested!",Twitter for Android,782280412630552600.0,262909329.0,mrshrbrmstr,FALSE,0,1,en,NA,770490229769789400.0,RLadiesGlobal,"262909329,772948414501969920,769657482054598656","mrshrbrmstr,RLadiesBoston,MariannaFoos","RCodLadies,RLadies","NA",FALSE,NA,NA,NA,NA
2016-10-01T17:04:46Z,782265007643975700.0,"RT @dataandme: ""All the R Ladies"" by @revodavid https://t.co/t1JMD3wLyN @RLadiesGlobal @RWomenTaskforce #rstats cc @WomenInData https://t.c‚Ä¶",Twitter for Android,NA,NA,NA,FALSE,20,0,en,NA,770490229769789400.0,RLadiesGlobal,"3230388598,34677653,770490229769789440,717312300529618945,1421070523","dataandme,revodavid,RLadiesGlobal,RWomenTaskforce,WomenInData",rstats,http://buff.ly/2djMYtO,TRUE,782264332834963456,NA,NA,NA
2016-10-01T15:05:46Z,782235063408848900.0,RT @hfcfrick: #rladies on tour - beautiful Munich! #Wiesn #packmas #Oktoberfest @RLadiesGlobal https://t.co/ExwKLd2nad,Twitter for Android,NA,NA,NA,FALSE,7,0,en,NA,770490229769789400.0,RLadiesGlobal,"3959153969,770490229769789440","hfcfrick,RLadiesGlobal","rladies,Wiesn,packmas,Oktoberfest","NA",TRUE,782233862285979648,NA,NA,NA
2016-10-01T12:51:59Z,782201393289584600.0,RT @Campbell_JD_: .@RLadiesGlobal The empty spot in the middle of the USA is sad. How about we change that a #RLadies group at @IowaStateU‚Ä¶,Twitter Web Client,NA,NA,NA,FALSE,3,0,en,NA,770490229769789400.0,RLadiesGlobal,"1064850134,770490229769789440,211258879","Campbell_JD_,RLadiesGlobal,IowaStateU",RLadies,"NA",TRUE,781572410008940544,NA,NA,NA
2016-10-01T12:50:48Z,782201095133298700.0,@Campbell_JD_ @IowaStateU @iastate_cals We noticed that big 'ol gap too!! üò¢ BUT we'd love to help change that!! Do email info@rladies.org! üòÅ,Twitter Web Client,781572410008940500.0,1064850134.0,Campbell_JD_,FALSE,1,0,en,NA,770490229769789400.0,RLadiesGlobal,"1064850134,211258879,52807052","Campbell_JD_,IowaStateU,iastate_cals","NA","NA",FALSE,NA,NA,NA,NA
2016-10-01T12:40:07Z,782198407381315600.0,@ckavili @RLadiesIstanbul @ZofiatheWitch OMG I'M SO JEALOUS WHERE'S MY #rstats COOKIE?!??? üò≠ üò≠ üò≠,Twitter Web Client,782197698707480600.0,2464601793.0,ckavili,FALSE,0,0,en,NA,770490229769789400.0,RLadiesGlobal,"2464601793,773118223512403968,1701823658","ckavili,RLadiesIstanbul,ZofiatheWitch",rstats,"NA",FALSE,NA,NA,NA,NA
2016-10-01T12:32:49Z,782196571387682800.0,.@RLadiesIstanbul launch event has #rstats COOKIES?!?? Bravo ladies!!!! üëèüëèüëè @ZofiatheWitch https://t.co/uKmCOOf6cB,Twitter Web Client,NA,NA,NA,TRUE,5,12,en,782175791857668100.0,770490229769789400.0,RLadiesGlobal,"773118223512403968,1701823658","RLadiesIstanbul,ZofiatheWitch",rstats,https://twitter.com/ckavili/status/782175791857668096,FALSE,NA,NA,NA,NA
2016-10-01T10:20:56Z,7.8216337964970394e+017,RT @RLadiesIstanbul: Deneme 1..2.. / 1..2// Is this thing on? üéàüéâüôåüèª @RLadiesGlobal ü§òüèª https://t.co/0tATDe1D4r,Twitter for Android,NA,NA,NA,FALSE,3,0,en,NA,770490229769789400.0,RLadiesGlobal,"773118223512403968,770490229769789440","RLadiesIstanbul,RLadiesGlobal","NA","NA",TRUE,782146589750099968,NA,NA,NA
2016-10-01T00:59:52Z,782022181609959400.0,@jesstemporal @RProgLangRR We'd love to help set up an #RLadies in Brasil! üáßüá∑,Twitter for Android,782015444660002800.0,53907669.0,jesstemporal,FALSE,0,0,en,NA,770490229769789400.0,RLadiesGlobal,"53907669,3070233150","jesstemporal,RProgLangRR",RLadies,"NA",FALSE,NA,NA,NA,NA
2016-09-30T18:51:22Z,781929448878858200.0,RT @revodavid: Supporting gender diversity in the R Community: @RLadiesGlobal and the Women in R Taskforce: https://t.co/Tj38dN2HMc #rstats‚Ä¶,Twitter for Android,NA,NA,NA,FALSE,63,0,en,NA,770490229769789400.0,RLadiesGlobal,"34677653,770490229769789440","revodavid,RLadiesGlobal",rstats,http://blog.revolutionanalytics.com/2016/09/all-the-r-ladies.html,TRUE,781926437737500672,NA,NA,NA
2016-09-29T09:36:43Z,781427478170591200.0,RT @robot_MD: Melinda Gates has a new mission: Women in Tech https://t.co/wehIlJ9vlN,Twitter for Android,NA,NA,NA,FALSE,12,0,en,NA,770490229769789400.0,RLadiesGlobal,15939396,robot_MD,"NA",https://backchannel.com/melinda-gates-has-a-new-mission-women-in-tech-8eb706d0a903#.widp4xe0m,TRUE,781312505905840128,NA,NA,NA
2016-09-28T21:44:37Z,781248271499100200.0,Statistical computing ladies of the world uniting!! #rstats https://t.co/MNm7ZxYBJ7,Twitter for Android,NA,NA,NA,TRUE,0,4,en,781244801358233600.0,770490229769789400.0,RLadiesGlobal,"NA","NA",rstats,https://twitter.com/gdequeiroz/status/781244801358233602,FALSE,NA,NA,NA,NA
2016-09-28T09:50:11Z,781068480506396700.0,üá´üá∑ Les Parisiennes!! @RLadiesParis warmly welcomes you to it's inaugural meeting next Wed at the √âcole Normale Sup√©‚Ä¶ https://t.co/SlbHzDkPMb,Twitter Web Client,NA,NA,NA,TRUE,4,11,fr,781058395541495800.0,770490229769789400.0,RLadiesGlobal,777930207508434945,RLadiesParis,"NA",https://twitter.com/i/web/status/781068480506396673,FALSE,NA,NA,NA,NA
2016-09-26T19:55:43Z,780496090965614600.0,Ladies who R!! Why not submit an abstract for #EARL2016 Boston? Share your awesome #rstats with the community! üá∫üá∏‚Ä¶ https://t.co/qq9kkxvNfT,Twitter Web Client,NA,NA,NA,TRUE,15,16,en,780461690735370200.0,770490229769789400.0,RLadiesGlobal,"NA","NA","EARL2016,rstats",https://twitter.com/i/web/status/780496090965614596,FALSE,NA,NA,NA,NA
2016-09-24T18:06:35Z,779743849631678500.0,RT @RLadiesMAD: Here it is!!! https://t.co/dvcG69p8bD and our lovely @AnalyticsPanda is the first to show!!! So excited for @RLadiesGlobal!‚Ä¶,Twitter for Android,NA,NA,NA,FALSE,3,0,en,NA,770490229769789400.0,RLadiesGlobal,"772203134269652992,4002309269,770490229769789440","RLadiesMAD,AnalyticsPanda,RLadiesGlobal","NA",https://rladies.org/speakers/,TRUE,779727664886190082,NA,NA,NA
2016-09-24T18:06:32Z,779743837296201700.0,RT @RLadiesMAD: Aqu√≠ est√°!!! https://t.co/dvcG69p8bD y la genial @AnalyticsPanda es la primera que aparece!! Estamos muy contentas en @RLad‚Ä¶,Twitter for Android,NA,NA,NA,FALSE,4,0,es,NA,770490229769789400.0,RLadiesGlobal,"772203134269652992,4002309269","RLadiesMAD,AnalyticsPanda","NA",https://rladies.org/speakers/,TRUE,779727904263507968,NA,NA,NA
2016-09-21T16:00:47Z,778625030099968e3,"RT @RLadiesMAD: Trabajar con R, en Barcelona y con @ma_salmon de compa√±era! Yo no me lo pensaba dos veces! https://t.co/3VqdU2ts9b",Twitter Web Client,NA,NA,NA,TRUE,3,0,es,778584687992266800.0,770490229769789400.0,RLadiesGlobal,"772203134269652992,2865404679","RLadiesMAD,ma_salmon","NA",https://twitter.com/ma_salmon/status/778584687992266752,TRUE,778619335808016384,NA,NA,NA
2016-09-21T14:17:17Z,778598983128211500.0,RT @soodoku: Our glass-ceiling index: Still a man‚Äôs world https://t.co/lVni5OunvX via @TheEconomist,Twitter for Android,NA,NA,NA,FALSE,2,0,en,NA,770490229769789400.0,RLadiesGlobal,"210303950,5988062","soodoku,TheEconomist","NA",http://econ.st/1Qu0yGc,TRUE,778593147563618306,NA,NA,NA
2016-09-21T12:18:10Z,778569004592013300.0,"Ladies of Durham, NC! Learn Data Manipulation @RLadiesRTP #rstats meetup TOMORROW @DukeU with @minebocek &amp; @eamcvey‚Ä¶ https://t.co/jioz5BpvSQ",Twitter Web Client,NA,NA,NA,FALSE,8,10,en,NA,770490229769789400.0,RLadiesGlobal,"747584164245864448,23450421,229564414,166390394","RLadiesRTP,DukeU,minebocek,eamcvey",rstats,https://twitter.com/i/web/status/778569004592013314,FALSE,NA,NA,NA,NA
2016-09-21T06:06:13Z,778475399768526800.0,RT @alice_data: @RLadiesGlobal @RLadiesLondon - @rstudio are hiring if the #RLadies around the world are interested #EARL2016 https://t.co/‚Ä¶,Twitter Web Client,NA,NA,NA,FALSE,5,0,en,NA,770490229769789400.0,RLadiesGlobal,"474823395,770490229769789440,722588617231769601,235261861","alice_data,RLadiesGlobal,RLadiesLondon,rstudio","RLadies,EARL2016","NA",TRUE,775977137782259712,NA,NA,NA
2016-09-19T13:41:14Z,777865132424691700.0,"@alice_data @RLadiesGlobal AND we need to add @RLadiesIstanbul, @RLadiesBoston and @RLadiesParis to that viz!! Now we are TEN CHAPTERS!!!!!!",Twitter for Android,772906624289804300.0,474823395.0,alice_data,FALSE,1,5,en,NA,770490229769789400.0,RLadiesGlobal,"474823395,770490229769789440,773118223512403968,772948414501969920,777930207508434945","alice_data,RLadiesGlobal,RLadiesIstanbul,RLadiesBoston,RLadiesParis","NA","NA",FALSE,NA,NA,NA,NA
2016-09-16T19:18:09Z,776862756506964e3,"RT @wimlds: ""Women in Machine Learning &amp; Data Science"" meetup has a new chapter in Austin, TX!  üé∏  Spread the word... https://t.co/7jd2MxMZ‚Ä¶",Twitter Web Client,NA,NA,NA,FALSE,8,0,en,NA,770490229769789400.0,RLadiesGlobal,2999992556,wimlds,"NA","NA",TRUE,776858075537870848,NA,NA,NA
2016-09-16T13:17:59Z,776772120491819e3,RT @Laurych83: Good news @RLadiesGlobal ü§óüòÜ https://t.co/31sKfJw7EB,Twitter for Android,NA,NA,NA,TRUE,1,0,en,776752813019979800.0,770490229769789400.0,RLadiesGlobal,"91860794,770490229769789440","Laurych83,RLadiesGlobal","NA",https://twitter.com/DataScienceCtrl/status/776752813019979776,TRUE,776769940246368256,NA,NA,NA
2016-09-13T18:01:44Z,775756364303835100.0,"RT @R_Summit_Africa: Fill out this form to support our initiative of starting R Conferences in Africa. Inspired by China-R, EARL, UseR
http‚Ä¶",Twitter Web Client,NA,NA,NA,FALSE,31,0,en,NA,770490229769789400.0,RLadiesGlobal,703425253297381376,R_Summit_Africa,"NA","NA",TRUE,703430720467767299,NA,NA,NA
2016-09-13T18:01:22Z,775756270879985700.0,RT @hfcfrick: Shiny new meetup session with @AnalyticsPanda in London @RLadiesLondon #rstats https://t.co/QZQDYo4qfN,Twitter Web Client,NA,NA,NA,FALSE,3,0,en,NA,770490229769789400.0,RLadiesGlobal,"3959153969,4002309269,722588617231769601","hfcfrick,AnalyticsPanda,RLadiesLondon",rstats,"NA",TRUE,775747994176061440,NA,NA,NA
2016-09-13T13:55:37Z,7.7569442588432794e+017,"RT @davidmeza1: College stdts interested in internship @ NASA, start Jan-17, DM me for info. Deadline 9/16. Need eng, CS, SE, Acct &amp; Bus @R‚Ä¶",Twitter for Android,NA,NA,NA,FALSE,3,0,en,NA,770490229769789400.0,RLadiesGlobal,26155124,davidmeza1,"NA","NA",TRUE,775691214318342144,NA,NA,NA
2016-09-13T10:59:19Z,775650058159153200.0,RT @RLadiesLondon: 6 Keynotes at #EARL2016 London this wk - do you feel an All-Male lineup proportionately represents Women in #rstats? htt‚Ä¶,Twitter Web Client,NA,NA,NA,FALSE,15,0,en,NA,770490229769789400.0,RLadiesGlobal,722588617231769601,RLadiesLondon,"EARL2016,rstats","NA",TRUE,775646522725761024,NA,NA,NA
2016-09-12T14:21:02Z,775338435871666200.0,"RT @BeST_MYM: Are there any African groups who would like to start one or expand an existing groups?
@RLadiesGlobal",Twitter Web Client,NA,NA,NA,FALSE,6,0,en,NA,770490229769789400.0,RLadiesGlobal,"4145616733,770490229769789440","BeST_MYM,RLadiesGlobal","NA","NA",TRUE,775336996159971328,NA,NA,NA
2016-09-11T13:30:48Z,774963404431851500.0,RT @dailyedge: This guy actually tried to mansplain space to a female astronaut: https://t.co/TeFLYh5OxF https://t.co/zvmOi4Ifyl,Twitter Web Client,NA,NA,NA,FALSE,2,0,en,NA,770490229769789400.0,RLadiesGlobal,187179778,dailyedge,"NA",http://buff.ly/2cuvD4a,TRUE,774912377326297088,NA,NA,NA
2016-09-09T21:52:54Z,774364986197946400.0,RT @erum2016: Meet our 10 invited speakers  https://t.co/1vCkuQLiNP #eRum2016 #rstats https://t.co/jT0GMtuX2w,Twitter Web Client,NA,NA,NA,FALSE,8,0,en,NA,770490229769789400.0,RLadiesGlobal,4863609262,erum2016,"eRum2016,rstats",http://erum.ue.poznan.pl/#speakers,TRUE,774330493290549248,NA,NA,NA
2016-09-09T13:49:32Z,774243343593250800.0,@AleWyss Thank you!! We want #rstats women across the world to feel part of a global community! üåé Let us know if we can support your R work!,Twitter Web Client,774238903310004200.0,3194793860.0,AleWyss,FALSE,0,1,en,NA,770490229769789400.0,RLadiesGlobal,3194793860,AleWyss,rstats,"NA",FALSE,NA,NA,NA,NA
2016-09-08T20:44:36Z,773985408593989600.0,RT @YhatHQ: Super interesting read! R Passes SAS in Scholarly Use (finally) | https://t.co/zEpQbou67g @BobMuenchen https://t.co/VMbXgO5Ojy,Twitter Web Client,NA,NA,NA,FALSE,19,0,en,NA,770490229769789400.0,RLadiesGlobal,"1081568149,25741608","YhatHQ,BobMuenchen","NA",http://r4stats.com/2016/06/08/r-passes-sas-in-scholarly-use-finally/,TRUE,773985018418860032,NA,NA,NA
2016-09-08T14:53:49Z,773897131254026200.0,@0ttlngr @hfcfrick Perfect #rstats package for exercising both the body and the mind!! üö¥  + üíª,Twitter Web Client,773876419453718500.0,4890408202.0,0ttlngr,FALSE,0,2,en,NA,770490229769789400.0,RLadiesGlobal,"4890408202,3959153969","0ttlngr,hfcfrick",rstats,"NA",FALSE,NA,NA,NA,NA
2016-09-08T11:38:47Z,773848049525395500.0,Love new trackeR #rstats package developed by Hannah @hfcfrick from @RLadiesLondon!! Slides: https://t.co/qwvzY0rlKo https://t.co/NioNHRP59b,Twitter Web Client,NA,NA,NA,FALSE,7,15,en,NA,770490229769789400.0,RLadiesGlobal,"3959153969,722588617231769601","hfcfrick,RLadiesLondon",rstats,http://tinyurl.com/juw5r8z,FALSE,NA,NA,NA,NA
2016-09-08T11:27:22Z,773845177320501200.0,RT @kadinbilisimci: Welcome to Turkey üáπüá∑‚ò∫Ô∏èüéà@RLadiesIstanbul  https://t.co/3Yw92QAi7y,Twitter Web Client,NA,NA,NA,TRUE,1,0,en,773501240726712300.0,770490229769789400.0,RLadiesGlobal,"2754139526,773118223512403968","kadinbilisimci,RLadiesIstanbul","NA",https://twitter.com/rladiesglobal/status/773501240726712320,TRUE,773790404026269696,NA,NA,NA
2016-09-07T22:38:40Z,773651730567270400.0,RT @rOpenSci: We‚Äôre looking for a postdoc to join the project. https://t.co/Ye6BQvlPRb #rstats #postdoc,Twitter Web Client,NA,NA,NA,FALSE,76,0,en,NA,770490229769789400.0,RLadiesGlobal,342250615,rOpenSci,"rstats,postdoc",http://ropensci.org/blog/2016/09/07/postdoc-position,TRUE,773580655519150080,NA,NA,NA
2016-09-07T12:40:41Z,773501240726712300.0,.@RLadiesGlobal is OVER THE MOON to present our 1st group in TURKEY üáπüá∑ @RLadiesIstanbul!!! Show ur #rstats support!! https://t.co/GtUFxLev61,Twitter Web Client,NA,NA,NA,FALSE,13,25,en,NA,770490229769789400.0,RLadiesGlobal,"770490229769789440,773118223512403968","RLadiesGlobal,RLadiesIstanbul",rstats,https://www.meetup.com/R-Ladies-Istanbul/,FALSE,NA,NA,NA,NA
2016-09-07T11:19:10Z,773480726343876600.0,RT @S_Foroutan: @GiTAustralia great group! Do you have members who are also interested in @RLadiesAU ? This is a part of a global program.‚Ä¶,Twitter for Android,NA,NA,NA,FALSE,1,0,en,NA,770490229769789400.0,RLadiesGlobal,"2913267409,728941564823666688,771530276488908800","S_Foroutan,GiTAustralia,RLadiesAU","NA","NA",TRUE,773447919664001024,NA,NA,NA
2016-09-06T23:51:37Z,773307701224874e3,RT @hadleywickham: New tidyverse packages makes it easy to install &amp; load packages from the tidyverse: https://t.co/toVme1jeEY. To CRAN nex‚Ä¶,Twitter Web Client,NA,NA,NA,FALSE,135,0,en,NA,770490229769789400.0,RLadiesGlobal,69133574,hadleywickham,"NA",https://github.com/hadley/tidyverse,TRUE,773264703711617024,NA,NA,NA
2016-09-06T16:19:18Z,773193869269700600.0,"There's nothing listed for #rstats... R community, can we help Women Who Code fill in some resources for learning R? https://t.co/Z4NWhKJq2j",Twitter Web Client,NA,NA,NA,TRUE,1,4,en,773193008061833200.0,770490229769789400.0,RLadiesGlobal,"NA","NA",rstats,https://twitter.com/WWCodeATX/status/773193008061833217,FALSE,NA,NA,NA,NA
2016-09-06T14:12:14Z,773161894622457900.0,RT @RLadiesLondon: Running a #shinyapp Beginners Workshop next wk @RLadiesLondon! Like the rainbow-coloured code? üåà  üòÅ #rstats #RStudio htt‚Ä¶,Twitter Web Client,NA,NA,NA,FALSE,10,0,en,NA,770490229769789400.0,RLadiesGlobal,"722588617231769601,722588617231769601","RLadiesLondon,RLadiesLondon","shinyapp,rstats,RStudio","NA",TRUE,773161204726530048,NA,NA,NA
2016-09-05T22:06:17Z,772918804909215700.0,RT @RLadiesLA: Presenting our new meetup group üéâüíÉüèªüíÉüèªüéâ https://t.co/BvZ2VllQw1,Twitter Web Client,NA,NA,NA,FALSE,4,0,en,NA,770490229769789400.0,RLadiesGlobal,770377177296543745,RLadiesLA,"NA",http://www.meetup.com/rladies-la,TRUE,772914097713061888,NA,NA,NA
2016-09-05T20:23:39Z,772892974401278e3,RT @earlconf: Last chance for #EARL2016 London Tickets https://t.co/iftCaIPbRS Dont miss out on this amazing R conference. #rstats https://‚Ä¶,Twitter Web Client,NA,NA,NA,FALSE,2,0,en,NA,770490229769789400.0,RLadiesGlobal,2330710330,earlconf,"EARL2016,rstats",https://earlconf.com/london/register/,TRUE,772839214752804864,NA,NA,NA
2016-09-05T15:44:17Z,772822669523836900.0,"@RLadiesMAD @alice_data Estamos tan felices!! @Chucheria eres el mejor!! Besos, #rstats chica!! üòò",Twitter Web Client,772701859324756e3,474823395.0,alice_data,FALSE,0,2,es,NA,770490229769789400.0,RLadiesGlobal,"772203134269652992,474823395,8081312","RLadiesMAD,alice_data,Chucheria",rstats,"NA",FALSE,NA,NA,NA,NA
2016-09-05T11:26:07Z,772757700233064400.0,@gaurikangai @alice_data So true!!!! Genuinely feel like this is a missing part of my modern day life...!!,Twitter Web Client,772756948643115e3,1514735059.0,gaurikangai,FALSE,0,2,en,NA,770490229769789400.0,RLadiesGlobal,"1514735059,474823395","gaurikangai,alice_data","NA","NA",FALSE,NA,NA,NA,NA
2016-09-05T11:22:38Z,772756823141183500.0,"Thanks for amazing response to @RLadiesGlobal!! We're now SEVEN #rstats groups: LDN, SF, NYC, LA, RTP, AUS &amp; Madrid! https://t.co/JZsMJqNEPD",Twitter Web Client,NA,NA,NA,FALSE,21,46,en,NA,770490229769789400.0,RLadiesGlobal,770490229769789440,RLadiesGlobal,rstats,"NA",FALSE,NA,NA,NA,NA
2016-09-05T11:16:10Z,772755197651251200.0,@alice_data Reminds me a bit of these bad boy Master Frying Pans!! JEALOUS!! https://t.co/E9pJQoR7qZ,Twitter Web Client,772753631070355500.0,474823395.0,alice_data,FALSE,0,1,en,NA,770490229769789400.0,RLadiesGlobal,474823395,alice_data,"NA","NA",FALSE,NA,NA,NA,NA
2016-09-04T18:46:06Z,772506038100713500.0,"RT @RLadiesMAD: Aqu√≠ est√° nuestro primer evento! 25 de octubre, apuntad el d√≠a! https://t.co/efHDelrsfn",Twitter Web Client,NA,NA,NA,FALSE,9,0,es,NA,770490229769789400.0,RLadiesGlobal,772203134269652992,RLadiesMAD,"NA",https://www.meetup.com/es-ES/rladies-mad/events/233829731/,TRUE,772502510791757824,NA,NA,NA
2016-09-04T03:37:38Z,772277412730069e3,"RT @thinkR_fr: Beyond the #rstats vs #Python battle,  some other arguments by @jenstirrup #satRdays #feather #Arrow https://t.co/8cCTqO3PDG",Twitter Web Client,NA,NA,NA,FALSE,4,0,en,NA,770490229769789400.0,RLadiesGlobal,"3044686542,23242773","thinkR_fr,jenstirrup","rstats,Python,satRdays,feather,Arrow","NA",TRUE,772009203699445760,NA,NA,NA
2016-09-04T03:35:52Z,772276971430514700.0,RT @tomaz_tsql: . @SteffLocke on R infrastructures #satRdays https://t.co/rc4n34xLlj,Twitter Web Client,NA,NA,NA,FALSE,2,0,en,NA,770490229769789400.0,RLadiesGlobal,"379167308,1420994827","tomaz_tsql,SteffLocke",satRdays,"NA",TRUE,771999367532249088,NA,NA,NA
2016-09-04T03:35:25Z,772276856615678e3,"RT @SteffLocke: Yay! @LaSystemistaria in one of the last sessions of the day with what looks to be a kickass talk
#satrdays https://t.co/jV‚Ä¶",Twitter Web Client,NA,NA,NA,FALSE,7,0,en,NA,770490229769789400.0,RLadiesGlobal,"1420994827,317084707","SteffLocke,LaSystemistaria",satrdays,"NA",TRUE,772107267021926400,NA,NA,NA
2016-09-04T03:33:55Z,772276477794529300.0,RT @daroczig: #satRdays last session starts with @salankia (from @secretsaucers)'s exiting #rstats talk on choosing the right tool https://‚Ä¶,Twitter Web Client,NA,NA,NA,FALSE,4,0,en,NA,770490229769789400.0,RLadiesGlobal,"312295459,2813217542,119362238","daroczig,salankia,secretsaucers","satRdays,rstats","NA",TRUE,772105785451155456,NA,NA,NA
2016-09-03T23:07:42Z,772209483577647100.0,RT @lilscientista: Saturday morning R stats with @daniellecrobins at @wateravecoffee #rstats #coffee #hackwithfriends #code #seportland htt‚Ä¶,Twitter Web Client,NA,NA,NA,FALSE,2,0,en,NA,770490229769789400.0,RLadiesGlobal,"735954684981084162,383289779,128627627","lilscientista,daniellecrobins,wateravecoffee","rstats,coffee,hackwithfriends,code,seportland","NA",TRUE,772183409091239937,NA,NA,NA
2016-09-02T18:01:35Z,771770057986748400.0,RT @goknurginer: https://t.co/dPrVPDMTs0 @AliciaOshlack @visnut @BelindaPhipson @S_Foroutan @combine_au @RLadiesSF @RLadiesLondon @RLadiesL‚Ä¶,Twitter Web Client,NA,NA,NA,FALSE,6,0,und,NA,770490229769789400.0,RLadiesGlobal,"305097563,1547838528,59773247,1963669086,2913267409,1859123587,881530736,722588617231769601","goknurginer,AliciaOshlack,visnut,BelindaPhipson,S_Foroutan,combine_au,RLadiesSF,RLadiesLondon","NA",https://www.meetup.com/R-Ladies-Melbourne/,TRUE,771555840801120256,NA,NA,NA
2016-09-02T10:42:20Z,771659516156842e3,London's Natural History Museum @NHM_London recruiting for 3D Viz expert!!!! üá¨üáß https://t.co/cwBWkaV9xB,Twitter Web Client,NA,NA,NA,TRUE,0,1,en,771657786908287e3,770490229769789400.0,RLadiesGlobal,35749264,NHM_London,"NA",https://twitter.com/nhcooper123/status/771657786908286976,FALSE,NA,NA,NA,NA
2016-09-02T10:39:18Z,771658755872219100.0,#rstats Oldie but a Goodie! ggplot2 Graph Catalog 100+ examples by JoannaZhao &amp; @JennyBryan! https://t.co/yZdph7EJc1 https://t.co/0ljvRmjYKu,Twitter Web Client,NA,NA,NA,FALSE,5,9,en,NA,770490229769789400.0,RLadiesGlobal,2167059661,JennyBryan,rstats,http://shinyapps.stat.ubc.ca/r-graph-catalog/#,FALSE,NA,NA,NA,NA
2016-09-02T10:12:03Z,771651897505611800.0,RT @AcademicsSay: When asked about my summer writing progress https://t.co/31LBCXUdxF,Twitter for Android,NA,NA,NA,FALSE,576,0,en,NA,770490229769789400.0,RLadiesGlobal,1891806212,AcademicsSay,"NA","NA",TRUE,753767448726364161,NA,NA,NA
2016-09-02T10:00:32Z,771648999665258500.0,"RT @RLadiesLondon: Our 1st Asia-Pacific group, HUGE WELCOME to R-Ladies Melbourne!!!! CONGRATS @RLadiesAU!! #rstats gender diversity üá¶üá∫ htt‚Ä¶",Twitter Web Client,NA,NA,NA,TRUE,8,0,en,771555840801120300.0,770490229769789400.0,RLadiesGlobal,"722588617231769601,771530276488908800","RLadiesLondon,RLadiesAU",rstats,"NA",TRUE,771643895163695104,NA,NA,NA
2016-09-01T19:53:34Z,771435854354980900.0,@StephdeSilva You should get in touch with @goknurginer.  There's some interest in starting a Melbourne group.  What city are you in? üê®,Twitter Web Client,771282345324273700.0,425745533.0,StephdeSilva,FALSE,0,1,en,NA,770490229769789400.0,RLadiesGlobal,"425745533,305097563","StephdeSilva,goknurginer","NA","NA",FALSE,NA,NA,NA,NA
2016-09-01T19:45:50Z,771433906079866900.0,RT @RLadiesNYC: RLadies New York is now live!,Twitter Web Client,NA,NA,NA,FALSE,7,0,en,NA,770490229769789400.0,RLadiesGlobal,771203524872908800,RLadiesNYC,"NA","NA",TRUE,771204993139421184,NA,NA,NA
2016-09-01T14:38:29Z,771356560870219800.0,RT @RLadiesLondon: Thx @davidmeza1 @NASA for this tip-off!! New user community Datanaut Corps unlocking opportunities for Data Ladies!! htt‚Ä¶,Twitter Web Client,NA,NA,NA,TRUE,1,0,en,771345495893704700.0,770490229769789400.0,RLadiesGlobal,"722588617231769601,26155124,11348282","RLadiesLondon,davidmeza1,NASA","NA","NA",TRUE,771355620805120000,NA,NA,NA
2016-08-31T21:53:07Z,771103548494839800.0,RT @RLadiesRTP: Four #rstats #RLadies meetups announced! https://t.co/O5tmJKULdx Looking forward to seeing y'all on 9/22 at the 1st meetup!‚Ä¶,Twitter Web Client,NA,NA,NA,FALSE,6,0,en,NA,770490229769789400.0,RLadiesGlobal,747584164245864448,RLadiesRTP,"rstats,RLadies",https://www.meetup.com/R-Ladies-RTP/,TRUE,771098711938269184,NA,NA,NA
2016-08-31T09:54:13Z,770922633605111800.0,"@erum2016 ..If u could spread the word in ur community we hope new European #RLadies leaders might emerge! Poland, Germany, Spain, France..üòÄ",Twitter Web Client,770920565444112400.0,770490229769789400.0,RLadiesGlobal,FALSE,1,1,en,NA,770490229769789400.0,RLadiesGlobal,4863609262,erum2016,RLadies,"NA",FALSE,NA,NA,NA,NA
2016-08-31T09:46:00Z,770920565444112400.0,"@erum2016 Thank you! We're so happy to be here, #rstats for everyone! We'd love to seed more #RLadies groups in Europe (just London atm üòû)..",Twitter Web Client,770571536138899500.0,4863609262.0,erum2016,FALSE,2,3,en,NA,770490229769789400.0,RLadiesGlobal,4863609262,erum2016,"rstats,RLadies","NA",FALSE,NA,NA,NA,NA
2016-08-30T17:52:57Z,770680723154100200.0,"RT @RConsortium: Three new community projects funded: R docs task force, @RLadiesGlobal, geospatial #DataViz https://t.co/L8rJsGshG0 #rstats",Twitter Web Client,NA,NA,NA,FALSE,36,0,en,NA,770490229769789400.0,RLadiesGlobal,"3318844765,770490229769789440","RConsortium,RLadiesGlobal","DataViz,rstats",https://www.r-consortium.org/news/blogs/2016/08/r-consortium-funds-three-projects-july,TRUE,770678859465265152,NA,NA,NA
2016-08-30T16:42:11Z,770662914365808600.0,Interested in starting an #RLadies meetup in your city?  We'd love to help!  Send us an email at info@rladies.org to get in touch.  #rstats,Twitter Web Client,NA,NA,NA,FALSE,48,45,en,NA,770490229769789400.0,RLadiesGlobal,"NA","NA","RLadies,rstats","NA",FALSE,NA,NA,NA,NA
2016-08-30T11:19:43Z,770581763399778300.0,RT @RLadiesLondon: .@RConsortium @linuxfoundation FUNDS @RLadiesLondon @RLadiesSF!! Retweet ur support! #rstats https://t.co/poS8oZuomU htt‚Ä¶,Twitter Web Client,NA,NA,NA,FALSE,54,0,en,NA,770490229769789400.0,RLadiesGlobal,"722588617231769601,3318844765,14706299,722588617231769601,881530736","RLadiesLondon,RConsortium,linuxfoundation,RLadiesLondon,RLadiesSF",rstats,http://j.mp/2bdg6on,TRUE,770580641574428672,NA,NA,NA
2016-08-30T09:25:08Z,770552925034807300.0,Hello World! @RLadiesGlobal is on the map! üåé  Ready to grow #RLadies into an international #rstats movement with your support ‚ù§Ô∏è  Follow us!,Twitter Web Client,NA,NA,NA,FALSE,37,34,en,NA,770490229769789400.0,RLadiesGlobal,770490229769789440,RLadiesGlobal,"RLadies,rstats","NA",FALSE,NA,NA,NA,NA
